status,id,name,family,description,seed,data_kind,cv_policy,dataset_yaml,requested_epochs,actual_epochs,train_minutes,best_pt,save_dir,per_class_csv,unknown_filtered_aug_args,precision,recall,f1,mAP50,mAP75,mAP50_95,inference_ms_per_image
OK,B00,no_aug_control,baseline,모든 제어 가능한 augmentation OFF,42,processed,,C:\ai_challingers\recycling_ssg\ai\models\yolo\01_experiment_augmentation\report\summary\runtime_processed.yaml,50,37,41.58664495333333,C:\ai_challingers\recycling_ssg\ai\models\yolo\01_experiment_augmentation\runs\B00_no_aug_control_seed42\weights\best.pt,C:\ai_challingers\recycling_ssg\ai\models\yolo\01_experiment_augmentation\runs\B00_no_aug_control_seed42,C:\ai_challingers\recycling_ssg\ai\models\yolo\01_experiment_augmentation\report\per_class\B00_no_aug_control_seed42.csv,augmentations,0.2650560474786608,0.148041423198823,0.1899758642038788,0.1707470537921273,0.16359749404189,0.1644601758517216,12.414712121211446
OK,B01,yolo_default_baseline,baseline,Ultralytics 현재 버전의 기본 augmentation 그대로,42,processed,,C:\ai_challingers\recycling_ssg\ai\models\yolo\01_experiment_augmentation\report\summary\runtime_processed.yaml,50,50,59.554503565000005,C:\ai_challingers\recycling_ssg\ai\models\yolo\01_experiment_augmentation\runs\B01_yolo_default_baseline_seed42\weights\best.pt,C:\ai_challingers\recycling_ssg\ai\models\yolo\01_experiment_augmentation\runs\B01_yolo_default_baseline_seed42,C:\ai_challingers\recycling_ssg\ai\models\yolo\01_experiment_augmentation\report\per_class\B01_yolo_default_baseline_seed42.csv,,0.2666035471595867,0.2139513998062236,0.2373930492995479,0.2194251735809382,0.2181811120959129,0.2119456577362829,5.376496363665369
OK,Y01,yolo_hsv,yolo_single,HSV 색조/채도/밝기 변화,42,processed,,C:\ai_challingers\recycling_ssg\ai\models\yolo\01_experiment_augmentation\report\summary\runtime_processed.yaml,50,50,49.88992101,C:\ai_challingers\recycling_ssg\ai\models\yolo\01_experiment_augmentation\runs\Y01_yolo_hsv_seed42\weights\best.pt,C:\ai_challingers\recycling_ssg\ai\models\yolo\01_experiment_augmentation\runs\Y01_yolo_hsv_seed42,C:\ai_challingers\recycling_ssg\ai\models\yolo\01_experiment_augmentation\report\per_class\Y01_yolo_hsv_seed42.csv,augmentations,0.5780768130609147,0.1173008129020894,0.1950275003397998,0.1656066711955002,0.1624534991313922,0.1617872075381334,5.375573939410528
OK,Y02,yolo_horizontal_flip,yolo_single,좌우 반전,42,processed,,C:\ai_challingers\recycling_ssg\ai\models\yolo\01_experiment_augmentation\report\summary\runtime_processed.yaml,50,50,48.30375351166667,C:\ai_challingers\recycling_ssg\ai\models\yolo\01_experiment_augmentation\runs\Y02_yolo_horizontal_flip_seed42\weights\best.pt,C:\ai_challingers\recycling_ssg\ai\models\yolo\01_experiment_augmentation\runs\Y02_yolo_horizontal_flip_seed42,C:\ai_challingers\recycling_ssg\ai\models\yolo\01_experiment_augmentation\report\per_class\Y02_yolo_horizontal_flip_seed42.csv,augmentations,0.2510057456791349,0.156990435762019,0.1931660303963969,0.1889030016857132,0.1881278430333222,0.1845681159430033,7.71300969698297
OK,Y03,yolo_rotation,yolo_single,약한 회전,42,processed,,C:\ai_challingers\recycling_ssg\ai\models\yolo\01_experiment_augmentation\report\summary\runtime_processed.yaml,50,50,46.495102790000026,C:\ai_challingers\recycling_ssg\ai\models\yolo\01_experiment_augmentation\runs\Y03_yolo_rotation_seed42\weights\best.pt,C:\ai_challingers\recycling_ssg\ai\models\yolo\01_experiment_augmentation\runs\Y03_yolo_rotation_seed42,C:\ai_challingers\recycling_ssg\ai\models\yolo\01_experiment_augmentation\report\per_class\Y03_yolo_rotation_seed42.csv,augmentations,0.320320954280641,0.1820860638628558,0.2321861742826878,0.2095828277631138,0.197444549726386,0.1817067451376635,5.508218181763148
OK,Y04,yolo_translate,yolo_single,객체 위치 이동,42,processed,,C:\ai_challingers\recycling_ssg\ai\models\yolo\01_experiment_augmentation\report\summary\runtime_processed.yaml,50,50,46.75221588166672,C:\ai_challingers\recycling_ssg\ai\models\yolo\01_experiment_augmentation\runs\Y04_yolo_translate_seed42\weights\best.pt,C:\ai_challingers\recycling_ssg\ai\models\yolo\01_experiment_augmentation\runs\Y04_yolo_translate_seed42,C:\ai_challingers\recycling_ssg\ai\models\yolo\01_experiment_augmentation\report\per_class\Y04_yolo_translate_seed42.csv,augmentations,0.2572207611683702,0.1815989529928056,0.2128939033902741,0.2137200854021555,0.2121304065446081,0.208019252129426,5.259969697010202
OK,Y05,yolo_scale,yolo_single,확대/축소,42,processed,,C:\ai_challingers\recycling_ssg\ai\models\yolo\01_experiment_augmentation\report\summary\runtime_processed.yaml,50,50,46.34333032333331,C:\ai_challingers\recycling_ssg\ai\models\yolo\01_experiment_augmentation\runs\Y05_yolo_scale_seed42\weights\best.pt,C:\ai_challingers\recycling_ssg\ai\models\yolo\01_experiment_augmentation\runs\Y05_yolo_scale_seed42,C:\ai_challingers\recycling_ssg\ai\models\yolo\01_experiment_augmentation\report\per_class\Y05_yolo_scale_seed42.csv,augmentations,0.2316742003297656,0.2253854866995496,0.2284865801070052,0.2031046784369189,0.1991815337557994,0.1972712835164821,5.487966060657831
OK,Y06,yolo_shear,yolo_single,약한 shear 기울임,42,processed,,C:\ai_challingers\recycling_ssg\ai\models\yolo\01_experiment_augmentation\report\summary\runtime_processed.yaml,50,50,45.397821149999984,C:\ai_challingers\recycling_ssg\ai\models\yolo\01_experiment_augmentation\runs\Y06_yolo_shear_seed42\weights\best.pt,C:\ai_challingers\recycling_ssg\ai\models\yolo\01_experiment_augmentation\runs\Y06_yolo_shear_seed42,C:\ai_challingers\recycling_ssg\ai\models\yolo\01_experiment_augmentation\report\per_class\Y06_yolo_shear_seed42.csv,augmentations,0.2750211618750011,0.1572921030676646,0.200126438152059,0.1780748527477392,0.1770114631185093,0.1697526283521657,4.919131515127832
OK,Y07,yolo_perspective,yolo_single,약한 원근 왜곡,42,processed,,C:\ai_challingers\recycling_ssg\ai\models\yolo\01_experiment_augmentation\report\summary\runtime_processed.yaml,50,46,41.56403014499998,C:\ai_challingers\recycling_ssg\ai\models\yolo\01_experiment_augmentation\runs\Y07_yolo_perspective_seed42\weights\best.pt,C:\ai_challingers\recycling_ssg\ai\models\yolo\01_experiment_augmentation\runs\Y07_yolo_perspective_seed42,C:\ai_challingers\recycling_ssg\ai\models\yolo\01_experiment_augmentation\report\per_class\Y07_yolo_perspective_seed42.csv,augmentations,0.3147678763200462,0.1744410491888662,0.2244784824361092,0.2015322914081622,0.1979997024055351,0.1867254038502722,5.378618181875384
OK,Y08,yolo_mosaic,yolo_single,여러 이미지를 한 학습 장면에 구성,42,processed,,C:\ai_challingers\recycling_ssg\ai\models\yolo\01_experiment_augmentation\report\summary\runtime_processed.yaml,50,50,46.41732822333336,C:\ai_challingers\recycling_ssg\ai\models\yolo\01_experiment_augmentation\runs\Y08_yolo_mosaic_seed42\weights\best.pt,C:\ai_challingers\recycling_ssg\ai\models\yolo\01_experiment_augmentation\runs\Y08_yolo_mosaic_seed42,C:\ai_challingers\recycling_ssg\ai\models\yolo\01_experiment_augmentation\report\per_class\Y08_yolo_mosaic_seed42.csv,augmentations,0.219490697686738,0.1699199604452108,0.1915502305352147,0.1876078048144022,0.1869810609890788,0.1798082897227289,5.948593333353832
OK,Y09,yolo_mixup,yolo_single,두 이미지와 label을 blending,42,processed,,C:\ai_challingers\recycling_ssg\ai\models\yolo\01_experiment_augmentation\report\summary\runtime_processed.yaml,50,45,42.80215413166661,C:\ai_challingers\recycling_ssg\ai\models\yolo\01_experiment_augmentation\runs\Y09_yolo_mixup_seed42\weights\best.pt,C:\ai_challingers\recycling_ssg\ai\models\yolo\01_experiment_augmentation\runs\Y09_yolo_mixup_seed42,C:\ai_challingers\recycling_ssg\ai\models\yolo\01_experiment_augmentation\report\per_class\Y09_yolo_mixup_seed42.csv,augmentations,0.2477190560755061,0.1755420431693074,0.2054765217642402,0.1609137548832429,0.1578668273122354,0.153978362701194,7.768383030259319
OK,Y10,yolo_cutmix,yolo_single,다른 이미지의 직사각형 영역을 붙여 occlusion 생성,42,processed,,C:\ai_challingers\recycling_ssg\ai\models\yolo\01_experiment_augmentation\report\summary\runtime_processed.yaml,50,48,45.36106023000005,C:\ai_challingers\recycling_ssg\ai\models\yolo\01_experiment_augmentation\runs\Y10_yolo_cutmix_seed42\weights\best.pt,C:\ai_challingers\recycling_ssg\ai\models\yolo\01_experiment_augmentation\runs\Y10_yolo_cutmix_seed42,C:\ai_challingers\recycling_ssg\ai\models\yolo\01_experiment_augmentation\report\per_class\Y10_yolo_cutmix_seed42.csv,augmentations,0.2618085196579149,0.1366283184899294,0.1795539688221576,0.1775526563363919,0.1767508821509948,0.1730416072927011,5.739637575761387
OK,Y11,yolo_hsv_flip,yolo_combo,HSV + 좌우 반전,42,processed,,C:\ai_challingers\recycling_ssg\ai\models\yolo\01_experiment_augmentation\report\summary\runtime_processed.yaml,50,50,47.90623680999997,C:\ai_challingers\recycling_ssg\ai\models\yolo\01_experiment_augmentation\runs\Y11_yolo_hsv_flip_seed42\weights\best.pt,C:\ai_challingers\recycling_ssg\ai\models\yolo\01_experiment_augmentation\runs\Y11_yolo_hsv_flip_seed42,C:\ai_challingers\recycling_ssg\ai\models\yolo\01_experiment_augmentation\report\per_class\Y11_yolo_hsv_flip_seed42.csv,augmentations,0.2796779918017814,0.1727731401162135,0.2135958624311647,0.1969400138249006,0.1946685663458825,0.1913369053590469,5.2320999999982165
OK,Y12,yolo_geometry_combo,yolo_combo,회전/이동/scale/shear/perspective/flip 조합,42,processed,,C:\ai_challingers\recycling_ssg\ai\models\yolo\01_experiment_augmentation\report\summary\runtime_processed.yaml,50,50,46.475619081666686,C:\ai_challingers\recycling_ssg\ai\models\yolo\01_experiment_augmentation\runs\Y12_yolo_geometry_combo_seed42\weights\best.pt,C:\ai_challingers\recycling_ssg\ai\models\yolo\01_experiment_augmentation\runs\Y12_yolo_geometry_combo_seed42,C:\ai_challingers\recycling_ssg\ai\models\yolo\01_experiment_augmentation\report\per_class\Y12_yolo_geometry_combo_seed42.csv,augmentations,0.3101909715437593,0.2036893555699242,0.2459039420801934,0.2218546559551707,0.2200877202190636,0.1909603988459829,5.195270909065254
OK,Y13,yolo_mosaic_hsv_geo,yolo_combo,Mosaic + HSV + 약한 geometry,42,processed,,C:\ai_challingers\recycling_ssg\ai\models\yolo\01_experiment_augmentation\report\summary\runtime_processed.yaml,50,50,49.07412432833335,C:\ai_challingers\recycling_ssg\ai\models\yolo\01_experiment_augmentation\runs\Y13_yolo_mosaic_hsv_geo_seed42\weights\best.pt,C:\ai_challingers\recycling_ssg\ai\models\yolo\01_experiment_augmentation\runs\Y13_yolo_mosaic_hsv_geo_seed42,C:\ai_challingers\recycling_ssg\ai\models\yolo\01_experiment_augmentation\report\per_class\Y13_yolo_mosaic_hsv_geo_seed42.csv,augmentations,0.2355388759629043,0.1921258952628919,0.2116289227372237,0.2193921982493966,0.2180424813380881,0.1877907800694288,5.022266666602456
OK,Y14,yolo_mosaic_mixup_cutmix,yolo_combo,세 가지 multi-image augmentation 조합,42,processed,,C:\ai_challingers\recycling_ssg\ai\models\yolo\01_experiment_augmentation\report\summary\runtime_processed.yaml,50,50,49.399021298333295,C:\ai_challingers\recycling_ssg\ai\models\yolo\01_experiment_augmentation\runs\Y14_yolo_mosaic_mixup_cutmix_seed42\weights\best.pt,C:\ai_challingers\recycling_ssg\ai\models\yolo\01_experiment_augmentation\runs\Y14_yolo_mosaic_mixup_cutmix_seed42,C:\ai_challingers\recycling_ssg\ai\models\yolo\01_experiment_augmentation\report\per_class\Y14_yolo_mosaic_mixup_cutmix_seed42.csv,augmentations,0.2248191919827743,0.2150107605083933,0.2198056097421855,0.2215841789628861,0.220205098253933,0.2142601629034419,7.622272121167925
OK,Y15,yolo_balanced_combo,yolo_combo,색/기하/multi-image를 모두 약하게 섞은 조합,42,processed,,C:\ai_challingers\recycling_ssg\ai\models\yolo\01_experiment_augmentation\report\summary\runtime_processed.yaml,50,50,49.20647616999995,C:\ai_challingers\recycling_ssg\ai\models\yolo\01_experiment_augmentation\runs\Y15_yolo_balanced_combo_seed42\weights\best.pt,C:\ai_challingers\recycling_ssg\ai\models\yolo\01_experiment_augmentation\runs\Y15_yolo_balanced_combo_seed42,C:\ai_challingers\recycling_ssg\ai\models\yolo\01_experiment_augmentation\report\per_class\Y15_yolo_balanced_combo_seed42.csv,augmentations,0.2357299817753658,0.2298968141276449,0.2327768602725038,0.2173957533336211,0.2153415400143925,0.1894543764170319,5.212413939333408
OK,C01,opencv_reencode_control,opencv_single,OpenCV static augmentation: reencode_control,42,opencv,reencode_control,C:\ai_challingers\recycling_ssg\ai\models\yolo\01_experiment_augmentation\opencv_datasets\reencode_control\seed_42\data.yaml,50,50,48.685734126666645,C:\ai_challingers\recycling_ssg\ai\models\yolo\01_experiment_augmentation\runs\C01_opencv_reencode_control_seed42\weights\best.pt,C:\ai_challingers\recycling_ssg\ai\models\yolo\01_experiment_augmentation\runs\C01_opencv_reencode_control_seed42,C:\ai_challingers\recycling_ssg\ai\models\yolo\01_experiment_augmentation\report\per_class\C01_opencv_reencode_control_seed42.csv,augmentations,0.4097588753291321,0.1425619912974868,0.2115293654412309,0.1723743932923353,0.169911594934723,0.1677555650775657,8.602941212258443
OK,C02,opencv_brightness_contrast,opencv_single,OpenCV static augmentation: brightness_contrast,42,opencv,brightness_contrast,C:\ai_challingers\recycling_ssg\ai\models\yolo\01_experiment_augmentation\opencv_datasets\brightness_contrast\seed_42\data.yaml,50,50,47.08006305333329,C:\ai_challingers\recycling_ssg\ai\models\yolo\01_experiment_augmentation\runs\C02_opencv_brightness_contrast_seed42\weights\best.pt,C:\ai_challingers\recycling_ssg\ai\models\yolo\01_experiment_augmentation\runs\C02_opencv_brightness_contrast_seed42,C:\ai_challingers\recycling_ssg\ai\models\yolo\01_experiment_augmentation\report\per_class\C02_opencv_brightness_contrast_seed42.csv,augmentations,0.3507730959747289,0.1475697024239706,0.2077424678661142,0.1651697014436133,0.1641037391833625,0.1614120281404141,5.683902424149864
OK,C03,opencv_gamma,opencv_single,OpenCV static augmentation: gamma,42,opencv,gamma,C:\ai_challingers\recycling_ssg\ai\models\yolo\01_experiment_augmentation\opencv_datasets\gamma\seed_42\data.yaml,50,38,36.20793194833325,C:\ai_challingers\recycling_ssg\ai\models\yolo\01_experiment_augmentation\runs\C03_opencv_gamma_seed42\weights\best.pt,C:\ai_challingers\recycling_ssg\ai\models\yolo\01_experiment_augmentation\runs\C03_opencv_gamma_seed42,C:\ai_challingers\recycling_ssg\ai\models\yolo\01_experiment_augmentation\report\per_class\C03_opencv_gamma_seed42.csv,augmentations,0.3217572858605881,0.1322056776758432,0.1874079757210206,0.1574892191006084,0.1567718446357117,0.1533398345889779,9.046593333187047
OK,C04,opencv_clahe,opencv_single,OpenCV static augmentation: clahe,42,opencv,clahe,C:\ai_challingers\recycling_ssg\ai\models\yolo\01_experiment_augmentation\opencv_datasets\clahe\seed_42\data.yaml,50,50,50.62275972166669,C:\ai_challingers\recycling_ssg\ai\models\yolo\01_experiment_augmentation\runs\C04_opencv_clahe_seed42\weights\best.pt,C:\ai_challingers\recycling_ssg\ai\models\yolo\01_experiment_augmentation\runs\C04_opencv_clahe_seed42,C:\ai_challingers\recycling_ssg\ai\models\yolo\01_experiment_augmentation\report\per_class\C04_opencv_clahe_seed42.csv,augmentations,0.3344676055319751,0.1293943929894205,0.1865996047548122,0.1467263665491766,0.146271556105054,0.1442086488012552,8.67373878784499
OK,C05,opencv_gaussian_blur,opencv_single,OpenCV static augmentation: gaussian_blur,42,opencv,gaussian_blur,C:\ai_challingers\recycling_ssg\ai\models\yolo\01_experiment_augmentation\opencv_datasets\gaussian_blur\seed_42\data.yaml,50,44,43.81752678999995,C:\ai_challingers\recycling_ssg\ai\models\yolo\01_experiment_augmentation\runs\C05_opencv_gaussian_blur_seed42\weights\best.pt,C:\ai_challingers\recycling_ssg\ai\models\yolo\01_experiment_augmentation\runs\C05_opencv_gaussian_blur_seed42,C:\ai_challingers\recycling_ssg\ai\models\yolo\01_experiment_augmentation\report\per_class\C05_opencv_gaussian_blur_seed42.csv,augmentations,0.2631570359941523,0.1389106139606291,0.1818365911414075,0.1450584489433338,0.1420724923578211,0.1394539423693157,7.937317575896017
OK,C06,opencv_motion_blur,opencv_single,OpenCV static augmentation: motion_blur,42,opencv,motion_blur,C:\ai_challingers\recycling_ssg\ai\models\yolo\01_experiment_augmentation\opencv_datasets\motion_blur\seed_42\data.yaml,50,50,49.92253779833336,C:\ai_challingers\recycling_ssg\ai\models\yolo\01_experiment_augmentation\runs\C06_opencv_motion_blur_seed42\weights\best.pt,C:\ai_challingers\recycling_ssg\ai\models\yolo\01_experiment_augmentation\runs\C06_opencv_motion_blur_seed42,C:\ai_challingers\recycling_ssg\ai\models\yolo\01_experiment_augmentation\report\per_class\C06_opencv_motion_blur_seed42.csv,augmentations,0.3571029412981042,0.1171258206406854,0.1763957752446132,0.1524789262795702,0.1512154986490622,0.1491220111971112,10.47400484861679
OK,C07,opencv_gaussian_noise,opencv_single,OpenCV static augmentation: gaussian_noise,42,opencv,gaussian_noise,C:\ai_challingers\recycling_ssg\ai\models\yolo\01_experiment_augmentation\opencv_datasets\gaussian_noise\seed_42\data.yaml,50,50,51.65781737333334,C:\ai_challingers\recycling_ssg\ai\models\yolo\01_experiment_augmentation\runs\C07_opencv_gaussian_noise_seed42\weights\best.pt,C:\ai_challingers\recycling_ssg\ai\models\yolo\01_experiment_augmentation\runs\C07_opencv_gaussian_noise_seed42,C:\ai_challingers\recycling_ssg\ai\models\yolo\01_experiment_augmentation\report\per_class\C07_opencv_gaussian_noise_seed42.csv,augmentations,0.3427238302663583,0.1289206677149355,0.1873622409627327,0.1619583774695745,0.1612526099063639,0.1586025124336225,8.13835333321935
OK,C08,opencv_jpeg_compression,opencv_single,OpenCV static augmentation: jpeg_compression,42,opencv,jpeg_compression,C:\ai_challingers\recycling_ssg\ai\models\yolo\01_experiment_augmentation\opencv_datasets\jpeg_compression\seed_42\data.yaml,50,50,48.4215685449999,C:\ai_challingers\recycling_ssg\ai\models\yolo\01_experiment_augmentation\runs\C08_opencv_jpeg_compression_seed42\weights\best.pt,C:\ai_challingers\recycling_ssg\ai\models\yolo\01_experiment_augmentation\runs\C08_opencv_jpeg_compression_seed42,C:\ai_challingers\recycling_ssg\ai\models\yolo\01_experiment_augmentation\report\per_class\C08_opencv_jpeg_compression_seed42.csv,augmentations,0.5046019227899234,0.1256183156406771,0.2011590226545774,0.1715577370116735,0.1703275391005449,0.1667708765845265,8.272882424397253
OK,C09,opencv_affine,opencv_single,OpenCV static augmentation: affine,42,opencv,affine,C:\ai_challingers\recycling_ssg\ai\models\yolo\01_experiment_augmentation\opencv_datasets\affine\seed_42\data.yaml,50,48,45.50584997666665,C:\ai_challingers\recycling_ssg\ai\models\yolo\01_experiment_augmentation\runs\C09_opencv_affine_seed42\weights\best.pt,C:\ai_challingers\recycling_ssg\ai\models\yolo\01_experiment_augmentation\runs\C09_opencv_affine_seed42,C:\ai_challingers\recycling_ssg\ai\models\yolo\01_experiment_augmentation\report\per_class\C09_opencv_affine_seed42.csv,augmentations,0.2944051877237145,0.1412168263115979,0.1908763327862628,0.1645837893974505,0.1599276807804985,0.1316201047437101,10.292893939362274
OK,C10,opencv_perspective,opencv_single,OpenCV static augmentation: perspective,42,opencv,perspective,C:\ai_challingers\recycling_ssg\ai\models\yolo\01_experiment_augmentation\opencv_datasets\perspective\seed_42\data.yaml,50,50,52.28263031,C:\ai_challingers\recycling_ssg\ai\models\yolo\01_experiment_augmentation\runs\C10_opencv_perspective_seed42\weights\best.pt,C:\ai_challingers\recycling_ssg\ai\models\yolo\01_experiment_augmentation\runs\C10_opencv_perspective_seed42,C:\ai_challingers\recycling_ssg\ai\models\yolo\01_experiment_augmentation\report\per_class\C10_opencv_perspective_seed42.csv,augmentations,0.3539433767992075,0.1775773565289457,0.2365000093952224,0.1980828671834698,0.1975358359047071,0.189994908672367,6.838640605741547
OK,C11,opencv_horizontal_flip,opencv_single,OpenCV static augmentation: horizontal_flip,42,opencv,horizontal_flip,C:\ai_challingers\recycling_ssg\ai\models\yolo\01_experiment_augmentation\opencv_datasets\horizontal_flip\seed_42\data.yaml,50,50,51.086349016666645,C:\ai_challingers\recycling_ssg\ai\models\yolo\01_experiment_augmentation\runs\C11_opencv_horizontal_flip_seed42\weights\best.pt,C:\ai_challingers\recycling_ssg\ai\models\yolo\01_experiment_augmentation\runs\C11_opencv_horizontal_flip_seed42,C:\ai_challingers\recycling_ssg\ai\models\yolo\01_experiment_augmentation\report\per_class\C11_opencv_horizontal_flip_seed42.csv,augmentations,0.2818990831713258,0.1383005985372028,0.185563262547763,0.1567826878789196,0.1554318058027602,0.1525257655253674,8.96802363682637
OK,C12,opencv_photometric_combo,opencv_combo,OpenCV static augmentation: photometric_combo,42,opencv,photometric_combo,C:\ai_challingers\recycling_ssg\ai\models\yolo\01_experiment_augmentation\opencv_datasets\photometric_combo\seed_42\data.yaml,50,50,49.68937529999991,C:\ai_challingers\recycling_ssg\ai\models\yolo\01_experiment_augmentation\runs\C12_opencv_photometric_combo_seed42\weights\best.pt,C:\ai_challingers\recycling_ssg\ai\models\yolo\01_experiment_augmentation\runs\C12_opencv_photometric_combo_seed42,C:\ai_challingers\recycling_ssg\ai\models\yolo\01_experiment_augmentation\report\per_class\C12_opencv_photometric_combo_seed42.csv,augmentations,0.3495084574518392,0.1558035651065032,0.2155288664226622,0.1756198841049215,0.1746494984974509,0.1717228124080372,10.69526242411512
OK,C13,opencv_geometric_combo,opencv_combo,OpenCV static augmentation: geometric_combo,42,opencv,geometric_combo,C:\ai_challingers\recycling_ssg\ai\models\yolo\01_experiment_augmentation\opencv_datasets\geometric_combo\seed_42\data.yaml,50,50,49.64876110666664,C:\ai_challingers\recycling_ssg\ai\models\yolo\01_experiment_augmentation\runs\C13_opencv_geometric_combo_seed42\weights\best.pt,C:\ai_challingers\recycling_ssg\ai\models\yolo\01_experiment_augmentation\runs\C13_opencv_geometric_combo_seed42,C:\ai_challingers\recycling_ssg\ai\models\yolo\01_experiment_augmentation\report\per_class\C13_opencv_geometric_combo_seed42.csv,augmentations,0.3212567523039215,0.1251922538366213,0.1801722316680448,0.1691599526704125,0.1678017437218421,0.1436018866431131,14.11292000019316
OK,C14,opencv_mixed_combo,opencv_combo,OpenCV static augmentation: mixed_combo,42,opencv,mixed_combo,C:\ai_challingers\recycling_ssg\ai\models\yolo\01_experiment_augmentation\opencv_datasets\mixed_combo\seed_42\data.yaml,50,48,48.44325812,C:\ai_challingers\recycling_ssg\ai\models\yolo\01_experiment_augmentation\runs\C14_opencv_mixed_combo_seed42\weights\best.pt,C:\ai_challingers\recycling_ssg\ai\models\yolo\01_experiment_augmentation\runs\C14_opencv_mixed_combo_seed42,C:\ai_challingers\recycling_ssg\ai\models\yolo\01_experiment_augmentation\report\per_class\C14_opencv_mixed_combo_seed42.csv,augmentations,0.2941832595018697,0.129277905606448,0.1796216455558648,0.1425632377172699,0.1415509341527699,0.1195232307965003,9.496647272890462
OK,H01,cv_photo_plus_yolo_geo,hybrid,OpenCV photometric + YOLO online geometry,42,opencv,photometric_combo,C:\ai_challingers\recycling_ssg\ai\models\yolo\01_experiment_augmentation\opencv_datasets\photometric_combo\seed_42\data.yaml,50,50,48.64390730166657,C:\ai_challingers\recycling_ssg\ai\models\yolo\01_experiment_augmentation\runs\H01_cv_photo_plus_yolo_geo_seed42\weights\best.pt,C:\ai_challingers\recycling_ssg\ai\models\yolo\01_experiment_augmentation\runs\H01_cv_photo_plus_yolo_geo_seed42,C:\ai_challingers\recycling_ssg\ai\models\yolo\01_experiment_augmentation\report\per_class\H01_cv_photo_plus_yolo_geo_seed42.csv,augmentations,0.1874115503198619,0.227329182822518,0.2054493864777418,0.2192319752464686,0.2175854397934333,0.1855527528485135,6.422680605883767
OK,H02,cv_geo_plus_yolo_hsv,hybrid,OpenCV geometry + YOLO online HSV,42,opencv,geometric_combo,C:\ai_challingers\recycling_ssg\ai\models\yolo\01_experiment_augmentation\opencv_datasets\geometric_combo\seed_42\data.yaml,50,37,39.27005642166672,C:\ai_challingers\recycling_ssg\ai\models\yolo\01_experiment_augmentation\runs\H02_cv_geo_plus_yolo_hsv_seed42\weights\best.pt,C:\ai_challingers\recycling_ssg\ai\models\yolo\01_experiment_augmentation\runs\H02_cv_geo_plus_yolo_hsv_seed42,C:\ai_challingers\recycling_ssg\ai\models\yolo\01_experiment_augmentation\report\per_class\H02_cv_geo_plus_yolo_hsv_seed42.csv,augmentations,0.283466514059512,0.1582997942826096,0.2031512589994889,0.1543542431100775,0.1532604290481904,0.1355731399638777,9.637979999939544
OK,H03,cv_mixed_plus_yolo_light,hybrid,OpenCV mixed + 약한 YOLO online augmentation,42,opencv,mixed_combo,C:\ai_challingers\recycling_ssg\ai\models\yolo\01_experiment_augmentation\opencv_datasets\mixed_combo\seed_42\data.yaml,50,45,47.90292775833344,C:\ai_challingers\recycling_ssg\ai\models\yolo\01_experiment_augmentation\runs\H03_cv_mixed_plus_yolo_light_seed42\weights\best.pt,C:\ai_challingers\recycling_ssg\ai\models\yolo\01_experiment_augmentation\runs\H03_cv_mixed_plus_yolo_light_seed42,C:\ai_challingers\recycling_ssg\ai\models\yolo\01_experiment_augmentation\report\per_class\H03_cv_mixed_plus_yolo_light_seed42.csv,augmentations,0.4172998457305568,0.1871950690101317,0.2584520448876189,0.207565665259037,0.2039001220607997,0.1559502870189922,6.003306666653688
OK,H04,cv_jpeg_plus_yolo_hsv_geo,hybrid,업로드 압축 품질 저하 + YOLO 색/기하 변화,42,opencv,jpeg_compression,C:\ai_challingers\recycling_ssg\ai\models\yolo\01_experiment_augmentation\opencv_datasets\jpeg_compression\seed_42\data.yaml,50,50,51.77884061999988,C:\ai_challingers\recycling_ssg\ai\models\yolo\01_experiment_augmentation\runs\H04_cv_jpeg_plus_yolo_hsv_geo_seed42\weights\best.pt,C:\ai_challingers\recycling_ssg\ai\models\yolo\01_experiment_augmentation\runs\H04_cv_jpeg_plus_yolo_hsv_geo_seed42,C:\ai_challingers\recycling_ssg\ai\models\yolo\01_experiment_augmentation\report\per_class\H04_cv_jpeg_plus_yolo_hsv_geo_seed42.csv,augmentations,0.2671146297971591,0.2468684617322245,0.2565927901168223,0.2449702837973413,0.2427146471054759,0.2159077311752063,8.99603393944827
OK,H04,cv_jpeg_plus_yolo_hsv_geo,hybrid,업로드 압축 품질 저하 + YOLO 색/기하 변화,123,opencv,jpeg_compression,C:\ai_challingers\recycling_ssg\ai\models\yolo\01_experiment_augmentation\opencv_datasets\jpeg_compression\seed_123\data.yaml,50,50,52.22989158666678,C:\ai_challingers\recycling_ssg\ai\models\yolo\01_experiment_augmentation\runs\H04_cv_jpeg_plus_yolo_hsv_geo_seed123\weights\best.pt,C:\ai_challingers\recycling_ssg\ai\models\yolo\01_experiment_augmentation\runs\H04_cv_jpeg_plus_yolo_hsv_geo_seed123,C:\ai_challingers\recycling_ssg\ai\models\yolo\01_experiment_augmentation\report\per_class\H04_cv_jpeg_plus_yolo_hsv_geo_seed123.csv,augmentations,0.2826795396234244,0.2311126064467244,0.2543083061554235,0.2404825833729314,0.2372934025441914,0.2054565477513509,10.916830909219712
OK,H04,cv_jpeg_plus_yolo_hsv_geo,hybrid,업로드 압축 품질 저하 + YOLO 색/기하 변화,777,opencv,jpeg_compression,C:\ai_challingers\recycling_ssg\ai\models\yolo\01_experiment_augmentation\opencv_datasets\jpeg_compression\seed_777\data.yaml,50,48,50.064574593333234,C:\ai_challingers\recycling_ssg\ai\models\yolo\01_experiment_augmentation\runs\H04_cv_jpeg_plus_yolo_hsv_geo_seed777\weights\best.pt,C:\ai_challingers\recycling_ssg\ai\models\yolo\01_experiment_augmentation\runs\H04_cv_jpeg_plus_yolo_hsv_geo_seed777,C:\ai_challingers\recycling_ssg\ai\models\yolo\01_experiment_augmentation\report\per_class\H04_cv_jpeg_plus_yolo_hsv_geo_seed777.csv,augmentations,0.2915469448767309,0.2349477937615166,0.2602051129850448,0.2096535974479306,0.2059341514053297,0.1813335583072928,9.581580605872936
OK,Y14,yolo_mosaic_mixup_cutmix,yolo_combo,세 가지 multi-image augmentation 조합,123,processed,,C:\ai_challingers\recycling_ssg\ai\models\yolo\01_experiment_augmentation\report\summary\runtime_processed.yaml,50,49,51.52355562999995,C:\ai_challingers\recycling_ssg\ai\models\yolo\01_experiment_augmentation\runs\Y14_yolo_mosaic_mixup_cutmix_seed123\weights\best.pt,C:\ai_challingers\recycling_ssg\ai\models\yolo\01_experiment_augmentation\runs\Y14_yolo_mosaic_mixup_cutmix_seed123,C:\ai_challingers\recycling_ssg\ai\models\yolo\01_experiment_augmentation\report\per_class\Y14_yolo_mosaic_mixup_cutmix_seed123.csv,augmentations,0.2554137301517585,0.2105095932547572,0.2307978061832957,0.2304305654598168,0.2290443264811619,0.2185086006601386,10.07732606032567
OK,Y14,yolo_mosaic_mixup_cutmix,yolo_combo,세 가지 multi-image augmentation 조합,777,processed,,C:\ai_challingers\recycling_ssg\ai\models\yolo\01_experiment_augmentation\report\summary\runtime_processed.yaml,50,50,52.767278206666624,C:\ai_challingers\recycling_ssg\ai\models\yolo\01_experiment_augmentation\runs\Y14_yolo_mosaic_mixup_cutmix_seed777\weights\best.pt,C:\ai_challingers\recycling_ssg\ai\models\yolo\01_experiment_augmentation\runs\Y14_yolo_mosaic_mixup_cutmix_seed777,C:\ai_challingers\recycling_ssg\ai\models\yolo\01_experiment_augmentation\report\per_class\Y14_yolo_mosaic_mixup_cutmix_seed777.csv,augmentations,0.2952731950512227,0.202408434691664,0.2401767782652565,0.2063879555316707,0.2056941712205419,0.1989830239877973,8.975568485082919
OK,B01,yolo_default_baseline,baseline,Ultralytics 현재 버전의 기본 augmentation 그대로,123,processed,,C:\ai_challingers\recycling_ssg\ai\models\yolo\01_experiment_augmentation\report\summary\runtime_processed.yaml,50,50,52.394422605,C:\ai_challingers\recycling_ssg\ai\models\yolo\01_experiment_augmentation\runs\B01_yolo_default_baseline_seed123\weights\best.pt,C:\ai_challingers\recycling_ssg\ai\models\yolo\01_experiment_augmentation\runs\B01_yolo_default_baseline_seed123,C:\ai_challingers\recycling_ssg\ai\models\yolo\01_experiment_augmentation\report\per_class\B01_yolo_default_baseline_seed123.csv,,0.2848017548397208,0.2146869150054226,0.2448232115199994,0.238417486169763,0.2377492174308508,0.2297373553829059,11.165473333323572
OK,B01,yolo_default_baseline,baseline,Ultralytics 현재 버전의 기본 augmentation 그대로,777,processed,,C:\ai_challingers\recycling_ssg\ai\models\yolo\01_experiment_augmentation\report\summary\runtime_processed.yaml,50,50,52.581610094999874,C:\ai_challingers\recycling_ssg\ai\models\yolo\01_experiment_augmentation\runs\B01_yolo_default_baseline_seed777\weights\best.pt,C:\ai_challingers\recycling_ssg\ai\models\yolo\01_experiment_augmentation\runs\B01_yolo_default_baseline_seed777,C:\ai_challingers\recycling_ssg\ai\models\yolo\01_experiment_augmentation\report\per_class\B01_yolo_default_baseline_seed777.csv,,0.3367497910788168,0.24351357783094532,0.28264112764346666,0.24228710372470788,0.23990142270604045,0.23437902078699485,5.044553333198454
