trial,state,mAP50_95,param_optimizer,param_lr0,param_lrf,param_momentum,param_weight_decay,param_warmup_epochs,param_cos_lr,actual_epochs,f1,inference_ms_per_image,mAP50,mAP75,precision,recall,train_minutes
24,COMPLETE,0.5230391370593804,SGD,0.007539726273262295,0.46950833191947977,0.9135816587868657,6.432729613286589e-05,4.480543291023899,True,15.0,0.5376571974395262,6.884762108228531,0.5446016576618781,0.5397383309621862,0.5430625910746054,0.5323583488760455,86.98878092166657
23,COMPLETE,0.5209415502474027,SGD,0.004928743342321972,0.35384036699409716,0.9485420920943789,1.4642481193608707e-05,3.5391917958627177,True,15.0,0.5371286323319187,6.6770945934392385,0.5395649892706165,0.5341374119152263,0.5146713344261428,0.5616351616362708,88.1799115916668
17,COMPLETE,0.5155438380226558,SGD,0.0072392274801469725,0.2941029215807865,0.9058361766340621,2.4069441873202768e-05,1.8138283477781594,True,15.0,0.5339044877120678,4.9228136755789675,0.5342488747022696,0.5297598874082025,0.5415748113633406,0.5264483994218917,80.08650829666658
19,COMPLETE,0.5113291049698084,SGD,0.004670371736022987,0.2958019905793351,0.9535178075402706,2.4565648321158355e-05,2.7451554295005534,True,15.0,0.5356931640756603,5.006626033585048,0.5293637452788765,0.5247082966222983,0.5250290501924436,0.5467994672174613,80.05159520499996
22,COMPLETE,0.5088660696279984,SGD,0.007408828016073059,0.7559435003562928,0.8770650269638499,4.525687221492615e-05,2.3425876075238734,True,15.0,0.5354777382168812,5.880214311694494,0.5303545105926388,0.5260741386905367,0.5419413092925156,0.5291665281159402,103.45802037333318
16,COMPLETE,0.5081445585193989,SGD,0.008889752843312258,0.06528569464553395,0.9268222347520425,1.2015715001570911e-05,2.2482543000429462,True,15.0,0.5208734505792632,4.629351567416532,0.5258292728886691,0.5211546175112728,0.4817546656447703,0.5669066290432434,79.99823574166658
26,COMPLETE,0.5036177928422834,SGD,0.004775588112564889,0.295640551064186,0.9150368677024597,1.3480748922352651e-05,4.970467325136842,True,15.0,0.5186481451531948,6.595977328512805,0.5207626297061053,0.5167428829758428,0.5338507419127423,0.5042874299812989,86.88773563499998
25,COMPLETE,0.4860975037535499,SGD,0.005058717639741011,0.9122856687862859,0.8587040173438129,2.7729984174369115e-05,4.279447623545459,True,15.0,0.5059760287660013,6.685229350254406,0.5034944113023326,0.49975542959696034,0.49302854769957255,0.5196218804936236,86.87684274999968
15,COMPLETE,0.4782708369407016,SGD,0.004543150064878825,0.4580542806331081,0.8713912910944959,2.2180915021509056e-06,1.6695248716929618,True,15.0,0.5009745956640534,4.870243207704926,0.49519335679873744,0.49026403956539943,0.49877483960570446,0.5031938409270628,80.05075320833323
20,COMPLETE,0.4709746460349817,SGD,0.0035500779221023827,0.0476688326446087,0.9288709458135057,3.197998699481231e-05,3.374417839543286,True,15.0,0.4925122939118778,6.833436574202921,0.4859531096368395,0.4825037533489379,0.4815889270723802,0.5039426871972924,84.97264261499998
21,COMPLETE,0.46954341460649723,SGD,0.0023532568103047853,0.7669976018075697,0.9131507223449581,1.1192566510926453e-05,2.2239102705768925,True,15.0,0.4857202811518204,4.986048841499935,0.4835017683446288,0.48200813054319425,0.47629476588737635,0.4955263755093691,86.31257551499996
8,COMPLETE,0.43787329171815004,AdamW,0.0011290133559092666,0.07591104805282695,0.7341707057565381,3.058656666978529e-05,0.17194260557609198,False,15.0,0.47546807896036514,6.884631894603497,0.4534488850883974,0.45058571774743367,0.460524947511799,0.4914134828062296,86.09751050166669
12,COMPLETE,0.4255355554991834,SGD,0.001319994226153501,0.2870875348195467,0.9159556970720648,1.6677615430197902e-06,1.7923286427213632,True,15.0,0.4398672377796257,5.112512312586562,0.4372533673799978,0.434484464246195,0.4219580743465774,0.45936402155371886,80.7637888983331
6,COMPLETE,0.42377651919646186,AdamW,0.000684792009557478,0.01901024531987036,0.781800501589861,1.2562773503807034e-05,2.28034992108518,False,15.0,0.4506699416316219,6.875148023661455,0.4379775286592048,0.43464546794685033,0.45595104029221095,0.44550977991669405,86.11961990000006
28,PRUNED,0.4237609238698521,SGD,0.004485675955893823,0.17696132419099211,0.8152046733781104,2.0077644915208145e-05,4.018508427700258,True,,,,,,,,
9,COMPLETE,0.40129612938924164,AdamW,0.00036324869566766035,0.12399967836846093,0.7517592475471475,0.0008105016126411582,3.8756641168055728,False,15.0,0.4225510693156569,7.016193457526045,0.41355092398469756,0.41016544250142756,0.4024222259392651,0.44479959539727926,86.51273200666655
11,COMPLETE,0.3797361516499073,AdamW,0.00042470585622618684,0.019135880487692304,0.9246151546111311,1.6736010167825795e-06,4.9344346830025865,False,15.0,0.39719950911317586,4.851500136278035,0.392586468434018,0.38874133230994046,0.3906483945081544,0.4039740936817386,86.28820066999991
27,PRUNED,0.36438479760741244,SGD,0.0016041696864854717,0.23469153740944687,0.8968789258187976,0.00010179073576427261,4.9152524861371045,True,,,,,,,,
18,PRUNED,0.3372597472984081,SGD,0.00086694665841162,0.07645815137985627,0.9057246614044916,5.0415198267373376e-05,2.0417577350477445,True,,,,,,,,
4,COMPLETE,0.30850441548432117,SGD,0.001570297088405539,0.15751320499779725,0.7436852193238822,2.9375384576328313e-06,0.2904180608409973,False,15.0,0.3405413356029678,7.2122682871451635,0.3178216229151619,0.3150179273970274,0.2994663892220665,0.3946751604176337,88.75431468166661
14,PRUNED,0.20519731637495736,AdamW,0.003695665216691271,0.6360737249032199,0.702113249408562,0.00011296128986827044,0.7613488583538435,False,,,,,,,,
13,PRUNED,0.07393058333481914,AdamW,1.551225912648474e-05,0.04187594718900627,0.7910513301674891,0.0001544608907504709,3.1877873567760657,False,,,,,,,,
5,COMPLETE,0.06750588845852082,AdamW,0.008123245085588688,0.46225890010208287,0.7594549509899173,3.5113563139704077e-06,0.9170225492671691,True,15.0,0.14364233982319724,6.856605270339304,0.07706589773635034,0.0751413382938997,0.24706174151245405,0.1012565934573498,85.85483529666672
7,COMPLETE,0.004790967726007205,SGD,1.3783237455007187e-05,0.16409286730647918,0.7477467546324416,1.5673095467235414e-06,4.7444276862666666,False,15.0,0.017741658349657952,6.879289504728774,0.0049562342651814405,0.004871593223521278,0.00931607584895791,0.18560793878479268,85.96214064166658
10,PRUNED,0.0037108387162498265,SGD,1.8427970406864546e-05,0.024658447214487383,0.7126636408949506,9.462175356461487e-06,1.9433864484474102,True,,,,,,,,
0,FAIL,,SGD,0.001570297088405539,0.15751320499779725,0.7436852193238822,2.9375384576328313e-06,0.2904180608409973,False,,,,,,,,
1,FAIL,,SGD,0.001570297088405539,0.15751320499779725,0.7436852193238822,2.9375384576328313e-06,0.2904180608409973,False,,,,,,,,
2,FAIL,,SGD,0.001570297088405539,0.15751320499779725,0.7436852193238822,2.9375384576328313e-06,0.2904180608409973,False,,,,,,,,
3,FAIL,,SGD,0.001570297088405539,0.15751320499779725,0.7436852193238822,2.9375384576328313e-06,0.2904180608409973,False,,,,,,,,
